gold,sentence,pair,triple
1,0.406129,0.411006,0.717283
1,0.075292,0.177843,0.189595
0,0.739012,0.010035,0.198612
1,0.671187,0.791406,0.97678
1,0.785381,0.99081,0.99869
0,0.187361,0.128682,0.09153
1,0.716277,0.828753,0.971879
1,0.720328,0.992842,0.994303
1,0.978587,0.995582,0.998612
1,0.672548,0.97514,0.838071
1,0.932369,0.965578,0.994528
1,0.907268,0.995255,0.998609
1,0.789314,0.872899,0.987875
1,0.901595,0.915402,0.939548
1,0.84866,0.977457,0.998601
1,0.658145,0.221295,0.237295
1,0.968221,0.994467,0.998554
1,0.934978,0.986057,0.994315
1,0.26365,0.03701,0.001152
1,0.713594,0.9757,0.996583
1,0.428764,0.311604,0.129709
1,0.855131,0.873999,0.998348
0,0.059227,0.016923,0.001905
1,0.607284,0.992359,0.998642
1,0.885955,0.983052,0.998209
0,0.250322,0.207586,0.019807
0,0.004064,0.007965,0.004374
1,0.985219,0.996548,0.998353
1,0.818302,0.977851,0.980673
1,0.872046,0.983322,0.997548
0,0.017128,0.411207,0.19802
1,0.938802,0.989054,0.99694
0,0.021119,0.0009,0.000841
1,0.991934,0.997189,0.998629
1,0.988465,0.99641,0.998806
1,0.928798,0.996716,0.998525
1,0.711384,0.99371,0.99876
1,0.49269,0.368865,0.107575
1,0.462672,0.702996,0.92859
1,0.845359,0.995833,0.998239
1,0.614776,0.752216,0.991715
1,0.888519,0.992387,0.998503
1,0.566507,0.988399,0.998608
1,0.912023,0.96198,0.996163
1,0.878418,0.995248,0.998695
1,0.678313,0.925665,0.998045
1,0.985022,0.995049,0.998587
1,0.913918,0.995346,0.998614
1,0.350932,0.161509,0.18221
1,0.648681,0.811191,0.9911
1,0.558323,0.4301,0.900598
1,0.535683,0.691613,0.16305
0,0.467696,0.089478,0.232627
1,0.00966,0.062995,0.000374
1,0.977483,0.99226,0.998217
1,0.096173,0.108158,0.037202
1,0.128076,0.187131,0.000489
1,0.815845,0.993463,0.998282
1,0.685772,0.96655,0.99616
1,0.649818,0.644539,0.995292
1,0.79324,0.93815,0.351977
0,0.282125,0.221738,0.157431
0,0.201971,0.005555,0.000824
1,0.704891,0.928203,0.998488
1,0.757729,0.642392,0.935665
1,0.808649,0.929897,0.994928
1,0.803091,0.981421,0.998701
1,0.136783,0.171024,0.024148
0,0.699961,0.002151,0.004173
1,0.804902,0.442874,0.616215
1,0.982763,0.995428,0.998604
1,0.644554,0.866189,0.984305
1,0.889138,0.915995,0.982702
0,0.021137,0.052968,0.024804
0,0.037775,0.010646,0.002683
1,0.85599,0.995342,0.998561
1,0.029793,0.003467,0.000399
0,0.611769,0.629042,0.538401
1,0.349498,0.395597,0.13844
1,0.044657,0.033902,0.004553
1,0.040694,0.013825,0.001532
1,0.931911,0.987148,0.998053
1,0.959204,0.984715,0.995268
0,0.19084,0.200742,0.067696
1,0.915949,0.988734,0.99874
1,0.978214,0.997074,0.998833
1,0.6239,0.93606,0.993359
0,0.638774,0.199768,0.311866
0,0.057013,0.002027,0.004585
1,0.061535,0.328639,0.140687
1,0.707401,0.403855,0.905646
1,0.565967,0.878075,0.995643
0,0.199022,0.016775,0.01887
1,0.894433,0.939132,0.998007
0,0.00483,0.001055,0.000466
0,0.006623,0.068229,0.07545
0,0.055777,0.000747,0.000456
0,0.002175,0.000654,0.000418
0,0.02375,0.001415,0.001477
1,0.042299,0.048562,0.293658
0,0.002941,0.015765,0.000773
0,0.018736,0.141956,0.083181
1,0.545448,0.902978,0.989965
0,0.002993,0.000772,0.003485
0,0.018553,0.069652,0.028347
0,0.002903,0.002306,0.00118
1,0.016874,0.058016,0.198389
0,0.003356,0.001312,0.000322
0,0.006714,0.001153,0.000476
0,0.305431,0.082073,0.019139
0,0.002454,0.001476,0.016389
1,0.787106,0.967137,0.995293
0,0.014239,0.145723,0.015147
0,0.002971,0.000726,0.000357
0,0.003472,0.001277,0.000532
0,0.024975,0.009561,0.00043
1,0.426395,0.756939,0.977009
0,0.003485,0.0069,0.001689
0,0.217189,0.001344,0.025406
0,0.003043,0.000909,0.00061
1,0.024022,0.82193,0.972761
0,0.345203,0.020725,0.132906
0,0.003029,0.001648,0.000374
0,0.004802,0.060976,0.005481
1,0.012893,0.003119,0.000487
1,0.006398,0.002552,0.10663
0,0.93468,0.988716,0.997722
0,0.001928,0.000564,0.000404
1,0.006881,0.000929,0.000337
0,0.002807,0.00069,0.000379
0,0.018919,0.00063,0.000484
0,0.024914,0.003237,0.001078
0,0.007329,0.316949,0.204096
1,0.259723,0.259189,0.395591
0,0.002902,0.000718,0.000616
1,0.528127,0.598081,0.946208
0,0.149392,0.03721,0.018448
0,0.015872,0.368177,0.006903
0,0.423557,0.291754,0.278564
1,0.913327,0.996796,0.998604
0,0.95598,0.001377,0.004811
1,0.003074,0.925206,0.979383
1,0.413627,0.426959,0.988461
0,0.040779,0.056906,0.422069
0,0.048849,0.013866,0.161207
0,0.005443,0.005008,0.018265
0,0.005513,0.001115,0.000995
1,0.013691,0.346827,0.949275
1,0.860786,0.953112,0.976425
1,0.472315,0.959538,0.996119
1,0.687267,0.981911,0.998218
1,0.684338,0.386457,0.387956
0,0.003022,0.001865,0.00248
1,0.700464,0.728699,0.966752
1,0.728659,0.990358,0.998329
1,0.083775,0.09883,0.36091
0,0.504188,0.043043,0.56336
0,0.115593,0.321866,0.692143
0,0.072146,0.005252,0.003009
0,0.512396,0.023698,0.195459
1,0.924333,0.962015,0.995656
0,0.004693,0.004149,0.01021
1,0.203752,0.543464,0.824373
0,0.584738,0.005003,0.072794
0,0.79511,0.001557,0.001721
1,0.316857,0.042382,0.955446
0,0.011819,0.004102,0.023787
1,0.902297,0.90863,0.997896
0,0.003736,0.00205,0.003199
0,0.005423,0.000676,0.0012
1,0.06093,0.560797,0.290858
0,0.010164,0.000813,0.001601
1,0.938152,0.992194,0.998595
1,0.352229,0.767118,0.943233
0,0.018394,0.166815,0.14492
0,0.003136,0.001196,0.001658
1,0.003277,0.360323,0.96389
1,0.580412,0.810016,0.968629
1,0.445162,0.909111,0.969123
0,0.147428,0.00428,0.019556
0,0.005451,0.558395,0.450686
0,0.018923,0.011223,0.019762
1,0.9479,0.973349,0.998344
0,0.003366,0.001303,0.000843
1,0.87389,0.983274,0.995844
1,0.872466,0.914377,0.996599
1,0.483298,0.867763,0.996918
0,0.003949,0.000956,0.009458
1,0.011541,0.490608,0.01118
1,0.947634,0.985016,0.994098
0,0.007414,0.008163,0.270326
0,0.416582,0.426234,0.571735
0,0.003102,0.04337,0.133524
1,0.008285,0.028633,0.988
1,0.550555,0.264926,0.986955
0,0.008126,0.022596,0.046807
0,0.014567,0.001001,0.004505
1,0.956863,0.996164,0.997308
0,0.002423,0.000559,0.000365
1,0.891624,0.955834,0.992039
0,0.002328,0.000999,0.000675
1,0.720874,0.989706,0.998387
0,0.002416,0.001668,0.112227
1,0.736569,0.595428,0.993918
0,0.158114,0.057559,0.189754
1,0.886048,0.985057,0.997933
0,0.003043,0.003483,0.00911
0,0.460187,0.077024,0.449108
1,0.765434,0.844114,0.98867
0,0.00339,0.001071,0.002147
1,0.781121,0.976486,0.997812
0,0.002093,0.00143,0.010078
1,0.016248,0.536804,0.575754
0,0.004228,0.002573,0.005963
0,0.043045,0.004998,0.006893
0,0.00645,0.002262,0.001067
0,0.139871,0.282966,0.419183
1,0.876021,0.976158,0.99844
1,0.017324,0.531444,0.980642
0,0.005343,0.01383,0.012036
1,0.762924,0.995367,0.998617
1,0.567023,0.503118,0.938255
1,0.934459,0.956047,0.937419
0,0.00297,0.000721,0.000726
1,0.881336,0.942139,0.998568
1,0.038907,0.047792,0.003934
0,0.002625,0.025595,0.003453
1,0.292851,0.462296,0.292397
0,0.019393,0.005165,0.066688
1,0.966047,0.995313,0.998087
1,0.747339,0.624758,0.996127
0,0.004622,0.036159,0.018644
0,0.007114,0.000777,0.002106
1,0.602214,0.860007,0.99391
1,0.623799,0.94578,0.993066
0,0.280187,0.00152,0.001853
1,0.429509,0.018396,0.040236
0,0.176662,0.756679,0.804326
1,0.706038,0.970884,0.965466
1,0.125148,0.533813,0.98938
0,0.063606,0.017965,0.071812
1,0.011824,0.908659,0.99662
0,0.016029,0.005576,0.118457
1,0.682502,0.965788,0.992661
1,0.337059,0.993273,0.998554
1,0.020163,0.079458,0.207206
0,0.039138,0.013871,0.116687
0,0.87018,0.866761,0.897955
1,0.822463,0.99672,0.998607
1,0.04133,0.898116,0.991904
1,0.919488,0.827925,0.975126
1,0.056301,0.294623,0.776058
1,0.010923,0.632113,0.379282
1,0.436605,0.407899,0.918777
0,0.008653,0.000555,0.00051
0,0.697591,0.83791,0.791667
1,0.007392,0.688411,0.539623
1,0.971346,0.995063,0.998061
0,0.004059,0.248354,0.311225
1,0.014175,0.951158,0.966149
1,0.314929,0.330028,0.094143
1,0.793918,0.810585,0.989882
1,0.066589,0.614861,0.817995
0,0.017642,0.200757,0.309553
1,0.12143,0.319888,0.325269
0,0.051798,0.001538,0.002184
1,0.081142,0.043994,0.931354
1,0.088102,0.724134,0.959701
1,0.955725,0.995535,0.99787
1,0.686076,0.852338,0.815849
1,0.442566,0.891241,0.966703
1,0.004129,0.372834,0.489017
1,0.947202,0.988326,0.988241
1,0.486946,0.524248,0.987489
1,0.890311,0.785814,0.771592
1,0.077364,0.248964,0.980087
1,0.425332,0.721568,0.876637
1,0.362805,0.9927,0.997444
1,0.039878,0.024885,0.393688
1,0.273547,0.550839,0.16799
1,0.685082,0.797666,0.830443
1,0.415913,0.986514,0.995421
1,0.958392,0.982981,0.998648
1,0.033597,0.627296,0.937364
1,0.050007,0.743431,0.876084
1,0.907405,0.980002,0.997086
1,0.959498,0.981218,0.995199
1,0.002944,0.987532,0.991223
1,0.340052,0.698928,0.962042
1,0.907776,0.857026,0.956296
1,0.315856,0.289272,0.666963
1,0.066732,0.633398,0.455447
1,0.684542,0.813188,0.950574
1,0.544437,0.250483,0.646521
1,0.025753,0.255541,0.836579
1,0.546045,0.478659,0.602165
0,0.013681,0.523642,0.656698
1,0.581678,0.996047,0.998358
1,0.809084,0.878124,0.992782
1,0.821701,0.949513,0.99398
1,0.416357,0.706722,0.969431
1,0.404007,0.272861,0.369516
1,0.006275,0.878447,0.92535
1,0.00411,0.503203,0.87997
0,0.560508,0.194989,0.104499
1,0.054816,0.336042,0.165105
1,0.265899,0.1881,0.703973
1,0.016456,0.910367,0.931793
1,0.340858,0.819225,0.987779
1,0.028909,0.987861,0.989104
1,0.216437,0.783116,0.953594
1,0.575966,0.818291,0.85014
1,0.018597,0.922214,0.973127
1,0.002796,0.115579,0.693413
0,0.016578,0.099692,0.011086
1,0.047511,0.372745,0.919428
1,0.002649,0.00065,0.000597
1,0.430782,0.816946,0.919466
1,0.452882,0.871524,0.450788
1,0.744249,0.9962,0.998553
1,0.841615,0.948241,0.642124
1,0.012217,0.308227,0.267679
1,0.017224,0.967943,0.532987
1,0.017812,0.684969,0.871218
1,0.826524,0.941646,0.991797
0,0.023508,0.081234,0.03456
0,0.060829,0.714064,0.958667
1,0.98851,0.996453,0.998349
1,0.338082,0.409599,0.644819
1,0.452307,0.218276,0.948377
1,0.008574,0.33635,0.002744
1,0.071045,0.368231,0.735527
1,0.180644,0.273496,0.784772
1,0.017797,0.923674,0.817788
1,0.006156,0.37178,0.069018
1,0.678553,0.974304,0.893599
1,0.791498,0.99555,0.998455
0,0.633016,0.708267,0.981071
0,0.047063,0.27437,0.003991
0,0.00309,0.002445,0.001896
1,0.005169,0.208569,0.967852
0,0.098525,0.101907,0.002371
0,0.006817,0.000915,0.000693
0,0.036928,0.026486,0.062895
0,0.002449,0.004624,0.081549
1,0.004841,0.000858,0.000447
0,0.014382,0.035946,0.007116
0,0.00279,0.000485,0.000384
0,0.062307,0.009124,0.002907
1,0.045911,0.282699,0.971298
0,0.017948,0.000923,0.002093
0,0.423677,0.007325,0.005998
1,0.733504,0.927843,0.155684
0,0.027155,0.001937,0.134364
1,0.101503,0.16866,0.000994
0,0.002143,0.005932,0.017616
1,0.696069,0.745125,0.998152
0,0.13999,0.239617,0.299783
0,0.356575,0.811985,0.011631
0,0.002833,0.004175,0.002127
1,0.175407,0.672366,0.032839
0,0.026066,0.315099,0.133824
1,0.028831,0.033437,0.001598
0,0.002018,0.000883,0.000647
0,0.001578,0.000557,0.000398
0,0.00242,0.097446,0.030472
1,0.941989,0.989146,0.74699
1,0.825743,0.483347,0.163274
0,0.002359,0.000683,0.000435
0,0.009888,0.002157,0.000546
1,0.158697,0.475183,0.476277
1,0.956112,0.098615,0.51125
1,0.344981,0.534501,0.543416
1,0.662157,0.868062,0.973361
0,0.720689,0.169644,0.004506
1,0.204622,0.574751,0.998072
1,0.809546,0.81919,0.774206
1,0.429304,0.9108,0.965869
0,0.00196,0.000918,0.001858
0,0.011365,0.00278,0.003631
0,0.78997,0.003503,0.011702
1,0.006945,0.327988,0.984966
1,0.479096,0.734935,0.962717
1,0.575603,0.250351,0.000956
1,0.257545,0.91564,0.994826
0,0.008257,0.001488,0.001044
0,0.228879,0.138632,0.201568
0,0.008153,0.001632,0.000907
0,0.019306,0.053783,0.028496
1,0.010559,0.4338,0.975437
0,0.004503,0.000755,0.000624
1,0.732049,0.932486,0.997188
0,0.004537,0.000572,0.000466
0,0.010709,0.00059,0.000351
0,0.018068,0.002789,0.00055
1,0.003944,0.665502,0.413297
0,0.002564,0.001326,0.000764
0,0.001733,0.00058,0.000601
0,0.004563,0.115504,0.036684
0,0.001238,0.000584,0.000497
0,0.001748,0.005978,0.001301
0,0.004297,0.001854,0.001999
0,0.002159,0.003618,0.026551
0,0.01155,0.34944,0.113168
0,0.004406,0.032321,0.009988
0,0.001694,0.002134,0.002109
0,0.002225,0.00051,0.000391
0,0.001727,0.015815,0.000894
0,0.001659,0.013386,0.016868
0,0.011479,0.027945,0.059603
0,0.029687,0.00162,0.001116
0,0.002118,0.000562,0.000325
0,0.00221,0.001052,0.000466
1,0.372532,0.182438,0.133974
0,0.069064,0.019667,0.069042
0,0.001735,0.000537,0.000353
1,0.845207,0.961433,0.800035
0,0.005779,0.000809,0.0004
0,0.006078,0.000814,0.001775
1,0.007943,0.200559,0.592851
0,0.003383,0.001747,0.003866
0,0.00161,0.001074,0.000679
1,0.029683,0.088965,0.336294
1,0.365532,0.420205,0.967655
0,0.002454,0.000781,0.000471
0,0.023215,0.00319,0.00103
0,0.005085,0.105976,0.275405
0,0.006455,0.004747,0.022147
0,0.003725,0.000725,0.000698
0,0.002472,0.000513,0.000387
0,0.003343,0.218539,0.006956
0,0.002287,0.000523,0.000433
0,0.006626,0.000606,0.000653
0,0.040106,0.00325,0.000935
0,0.042452,0.002163,0.015905
0,0.025474,0.001568,0.001334
0,0.900447,0.924613,0.88444
